<?xml version="1.0" encoding="UTF-8"?>
<project-private xmlns="http://www.netbeans.org/ns/project-private/1">
    <editor-bookmarks xmlns="http://www.netbeans.org/ns/editor-bookmarks/2" lastBookmarkId="0"/>
    <open-files xmlns="http://www.netbeans.org/ns/projectui-open-files/2">
        <group>
            <file>file:/Users/eron/Desktop/Java/20210421/SemesterProject/src/forms/CFormHelpCenter.java</file>
            <file>file:/Users/eron/Desktop/Java/20210421/SemesterProject/src/forms/CFormKMS.java</file>
            <file>file:/Users/eron/Desktop/Java/20210421/SemesterProject/src/data/CJSONFile.java</file>
            <file>file:/Users/eron/Desktop/Java/20210421/SemesterProject/src/forms/CFormFileBase.java</file>
            <file>file:/Users/eron/Desktop/Java/20210421/SemesterProject/src/data/CStringQueue.java</file>
            <file>file:/Users/eron/Desktop/Java/20210421/SemesterProject/src/forms/CFormEditor.java</file>
        </group>
    </open-files>
</project-private>
